<?xml version="1.0" encoding="UTF-8"?><workbook><sheet name="sql"><blancodb-common><name>SampleSQLite001</name><package>my.db</package><description>Simple SQL sample.</description><query-type>iterator</query-type><single>true</single><scroll>forward_only</scroll><updatable>false</updatable><dynamic-sql>false</dynamic-sql><use-bean-parameter>false</use-bean-parameter></blancodb-common><blancodb-inparameters><inparameter><no>1</no><name>col_id</name><type>int</type></inparameter></blancodb-inparameters><blancodb-outparameters/><blancodb-detail/><blancodb-query><query-line>SELECT</query-line><query-line>        *</query-line><query-line>    FROM</query-line><query-line>        TEST_BLANCODB</query-line><query-line>    WHERE</query-line><query-line>        col_id = #col_id</query-line></blancodb-query></sheet><sheet name="config"/></workbook>